model,policy,dataset,primary_constraint_met,secondary_constraint_met,none_constraint_met,conflict_recognized
Llama-3.1-70B,baseline_all_user,conflicting_instructions,0.185,0.497,0.318,0.248
Llama-3.1-70B,baseline_all_user,conflicting_instructions_reversed,0.225,0.56,0.215,0.37
Llama-3.1-70B,baseline_all_user,conflicting_instructions_rich_context,0.458,0.315,0.227,0.173
Llama-3.1-70B,baseline_all_user,conflicting_instructions_rich_context_reversed,0.383,0.468,0.148,0.3
Llama-3.1-70B,basic_separation,conflicting_instructions,0.067,0.758,0.175,0.123
Llama-3.1-70B,basic_separation,conflicting_instructions_reversed,0.217,0.627,0.157,0.283
Llama-3.1-70B,basic_separation,conflicting_instructions_rich_context,0.138,0.63,0.232,0.125
Llama-3.1-70B,basic_separation,conflicting_instructions_rich_context_reversed,0.217,0.645,0.138,0.262
Llama-3.1-70B,constraint_following_baseline,conflicting_instructions,0.903,0.015,0.082,0.008
Llama-3.1-70B,constraint_following_baseline,conflicting_instructions_reversed,0.895,0.015,0.09,0.008
Llama-3.1-70B,constraint_following_baseline,conflicting_instructions_rich_context,0.892,0.003,0.105,0.015
Llama-3.1-70B,constraint_following_baseline,conflicting_instructions_rich_context_reversed,0.792,0.013,0.195,0.022
Llama-3.1-70B,emphasized_separation,conflicting_instructions,0.15,0.622,0.228,0.28
Llama-3.1-70B,emphasized_separation,conflicting_instructions_reversed,0.485,0.267,0.248,0.45
Llama-3.1-70B,emphasized_separation,conflicting_instructions_rich_context,0.18,0.553,0.267,0.187
Llama-3.1-70B,emphasized_separation,conflicting_instructions_rich_context_reversed,0.327,0.498,0.175,0.333
Llama-3.1-70B,marked_system_basic,conflicting_instructions,0.705,0.127,0.168,0.333
Llama-3.1-70B,marked_system_basic,conflicting_instructions_reversed,0.812,0.037,0.152,0.288
Llama-3.1-70B,marked_system_basic,conflicting_instructions_rich_context,0.605,0.208,0.187,0.287
Llama-3.1-70B,marked_system_basic,conflicting_instructions_rich_context_reversed,0.622,0.205,0.173,0.468
Llama-3.1-70B,marked_system_detailed,conflicting_instructions,0.758,0.087,0.155,0.713
Llama-3.1-70B,marked_system_detailed,conflicting_instructions_reversed,0.632,0.188,0.18,0.762
Llama-3.1-70B,marked_system_detailed,conflicting_instructions_rich_context,0.56,0.215,0.225,0.49
Llama-3.1-70B,marked_system_detailed,conflicting_instructions_rich_context_reversed,0.457,0.413,0.13,0.568
Llama-3.1-70B,marked_user_basic,conflicting_instructions,0.747,0.115,0.138,0.245
Llama-3.1-70B,marked_user_basic,conflicting_instructions_reversed,0.847,0.032,0.122,0.217
Llama-3.1-70B,marked_user_basic,conflicting_instructions_rich_context,0.65,0.167,0.183,0.193
Llama-3.1-70B,marked_user_basic,conflicting_instructions_rich_context_reversed,0.677,0.14,0.183,0.427
Llama-3.1-70B,marked_user_detailed,conflicting_instructions,0.752,0.08,0.168,0.703
Llama-3.1-70B,marked_user_detailed,conflicting_instructions_reversed,0.687,0.148,0.165,0.707
Llama-3.1-70B,marked_user_detailed,conflicting_instructions_rich_context,0.658,0.168,0.173,0.548
Llama-3.1-70B,marked_user_detailed,conflicting_instructions_rich_context_reversed,0.517,0.318,0.165,0.607
Llama-3.1-70B,task_specified_separation,conflicting_instructions,0.058,0.782,0.16,0.112
Llama-3.1-70B,task_specified_separation,conflicting_instructions_reversed,0.04,0.818,0.142,0.012
Llama-3.1-70B,task_specified_separation,conflicting_instructions_rich_context,0.042,0.693,0.265,0.102
Llama-3.1-70B,task_specified_separation,conflicting_instructions_rich_context_reversed,0.045,0.85,0.105,0.073
Llama-3.1-70B,unmarked_system_basic,conflicting_instructions,0.235,0.578,0.187,0.228
Llama-3.1-70B,unmarked_system_basic,conflicting_instructions_reversed,0.425,0.437,0.138,0.425
Llama-3.1-70B,unmarked_system_basic,conflicting_instructions_rich_context,0.365,0.37,0.265,0.238
Llama-3.1-70B,unmarked_system_basic,conflicting_instructions_rich_context_reversed,0.385,0.473,0.142,0.337
Llama-3.1-70B,unmarked_system_detailed,conflicting_instructions,0.18,0.557,0.263,0.218
Llama-3.1-70B,unmarked_system_detailed,conflicting_instructions_reversed,0.203,0.61,0.187,0.417
Llama-3.1-70B,unmarked_system_detailed,conflicting_instructions_rich_context,0.422,0.352,0.227,0.198
Llama-3.1-70B,unmarked_system_detailed,conflicting_instructions_rich_context_reversed,0.322,0.523,0.155,0.278
Llama-3.1-70B,unmarked_user_basic,conflicting_instructions,0.302,0.515,0.183,0.32
Llama-3.1-70B,unmarked_user_basic,conflicting_instructions_reversed,0.447,0.42,0.133,0.487
Llama-3.1-70B,unmarked_user_basic,conflicting_instructions_rich_context,0.422,0.362,0.217,0.225
Llama-3.1-70B,unmarked_user_basic,conflicting_instructions_rich_context_reversed,0.43,0.445,0.125,0.34
Llama-3.1-70B,unmarked_user_detailed,conflicting_instructions,0.213,0.533,0.253,0.415
Llama-3.1-70B,unmarked_user_detailed,conflicting_instructions_reversed,0.262,0.542,0.197,0.66
Llama-3.1-70B,unmarked_user_detailed,conflicting_instructions_rich_context,0.388,0.377,0.235,0.242
Llama-3.1-70B,unmarked_user_detailed,conflicting_instructions_rich_context_reversed,0.352,0.487,0.162,0.368
Llama-3.1-8B,baseline_all_user,conflicting_instructions,0.22,0.415,0.365,0.22
Llama-3.1-8B,baseline_all_user,conflicting_instructions_reversed,0.227,0.505,0.268,0.337
Llama-3.1-8B,baseline_all_user,conflicting_instructions_rich_context,0.38,0.352,0.268,0.183
Llama-3.1-8B,baseline_all_user,conflicting_instructions_rich_context_reversed,0.243,0.503,0.253,0.24
Llama-3.1-8B,basic_separation,conflicting_instructions,0.028,0.69,0.282,0.103
Llama-3.1-8B,basic_separation,conflicting_instructions_reversed,0.107,0.683,0.21,0.215
Llama-3.1-8B,basic_separation,conflicting_instructions_rich_context,0.075,0.562,0.363,0.175
Llama-3.1-8B,basic_separation,conflicting_instructions_rich_context_reversed,0.142,0.618,0.24,0.287
Llama-3.1-8B,constraint_following_baseline,conflicting_instructions,0.827,0.02,0.153,0.055
Llama-3.1-8B,constraint_following_baseline,conflicting_instructions_reversed,0.778,0.027,0.195,0.045
Llama-3.1-8B,constraint_following_baseline,conflicting_instructions_rich_context,0.838,0.013,0.148,0.103
Llama-3.1-8B,constraint_following_baseline,conflicting_instructions_rich_context_reversed,0.657,0.047,0.297,0.067
Llama-3.1-8B,emphasized_separation,conflicting_instructions,0.022,0.675,0.303,0.178
Llama-3.1-8B,emphasized_separation,conflicting_instructions_reversed,0.195,0.553,0.252,0.27
Llama-3.1-8B,emphasized_separation,conflicting_instructions_rich_context,0.113,0.503,0.383,0.24
Llama-3.1-8B,emphasized_separation,conflicting_instructions_rich_context_reversed,0.25,0.505,0.245,0.357
Llama-3.1-8B,marked_system_basic,conflicting_instructions,0.475,0.187,0.338,0.65
Llama-3.1-8B,marked_system_basic,conflicting_instructions_reversed,0.268,0.418,0.313,0.633
Llama-3.1-8B,marked_system_basic,conflicting_instructions_rich_context,0.397,0.348,0.255,0.405
Llama-3.1-8B,marked_system_basic,conflicting_instructions_rich_context_reversed,0.213,0.535,0.252,0.485
Llama-3.1-8B,marked_system_detailed,conflicting_instructions,0.505,0.125,0.37,0.433
Llama-3.1-8B,marked_system_detailed,conflicting_instructions_reversed,0.19,0.51,0.3,0.475
Llama-3.1-8B,marked_system_detailed,conflicting_instructions_rich_context,0.522,0.262,0.217,0.422
Llama-3.1-8B,marked_system_detailed,conflicting_instructions_rich_context_reversed,0.205,0.553,0.242,0.382
Llama-3.1-8B,marked_user_basic,conflicting_instructions,0.655,0.09,0.255,0.572
Llama-3.1-8B,marked_user_basic,conflicting_instructions_reversed,0.393,0.383,0.223,0.695
Llama-3.1-8B,marked_user_basic,conflicting_instructions_rich_context,0.422,0.335,0.243,0.545
Llama-3.1-8B,marked_user_basic,conflicting_instructions_rich_context_reversed,0.2,0.573,0.227,0.613
Llama-3.1-8B,marked_user_detailed,conflicting_instructions,0.588,0.058,0.353,0.555
Llama-3.1-8B,marked_user_detailed,conflicting_instructions_reversed,0.2,0.508,0.292,0.61
Llama-3.1-8B,marked_user_detailed,conflicting_instructions_rich_context,0.542,0.223,0.235,0.503
Llama-3.1-8B,marked_user_detailed,conflicting_instructions_rich_context_reversed,0.235,0.547,0.218,0.483
Llama-3.1-8B,task_specified_separation,conflicting_instructions,0.027,0.665,0.308,0.085
Llama-3.1-8B,task_specified_separation,conflicting_instructions_reversed,0.105,0.702,0.193,0.112
Llama-3.1-8B,task_specified_separation,conflicting_instructions_rich_context,0.062,0.555,0.383,0.108
Llama-3.1-8B,task_specified_separation,conflicting_instructions_rich_context_reversed,0.085,0.74,0.175,0.182
Llama-3.1-8B,unmarked_system_basic,conflicting_instructions,0.19,0.448,0.362,0.193
Llama-3.1-8B,unmarked_system_basic,conflicting_instructions_reversed,0.217,0.515,0.268,0.297
Llama-3.1-8B,unmarked_system_basic,conflicting_instructions_rich_context,0.335,0.345,0.32,0.173
Llama-3.1-8B,unmarked_system_basic,conflicting_instructions_rich_context_reversed,0.223,0.508,0.268,0.258
Llama-3.1-8B,unmarked_system_detailed,conflicting_instructions,0.2,0.438,0.362,0.227
Llama-3.1-8B,unmarked_system_detailed,conflicting_instructions_reversed,0.153,0.547,0.3,0.283
Llama-3.1-8B,unmarked_system_detailed,conflicting_instructions_rich_context,0.375,0.338,0.287,0.178
Llama-3.1-8B,unmarked_system_detailed,conflicting_instructions_rich_context_reversed,0.23,0.518,0.252,0.223
Llama-3.1-8B,unmarked_user_basic,conflicting_instructions,0.203,0.442,0.355,0.415
Llama-3.1-8B,unmarked_user_basic,conflicting_instructions_reversed,0.227,0.485,0.288,0.598
Llama-3.1-8B,unmarked_user_basic,conflicting_instructions_rich_context,0.34,0.317,0.343,0.255
Llama-3.1-8B,unmarked_user_basic,conflicting_instructions_rich_context_reversed,0.213,0.513,0.273,0.368
Llama-3.1-8B,unmarked_user_detailed,conflicting_instructions,0.232,0.393,0.375,0.455
Llama-3.1-8B,unmarked_user_detailed,conflicting_instructions_reversed,0.173,0.498,0.328,0.538
Llama-3.1-8B,unmarked_user_detailed,conflicting_instructions_rich_context,0.355,0.332,0.313,0.307
Llama-3.1-8B,unmarked_user_detailed,conflicting_instructions_rich_context_reversed,0.213,0.517,0.27,0.375
claude-3-5-sonnet-20241022,baseline_all_user,conflicting_instructions,0.263,0.448,0.288,0.163
claude-3-5-sonnet-20241022,baseline_all_user,conflicting_instructions_reversed,0.53,0.247,0.223,0.188
claude-3-5-sonnet-20241022,baseline_all_user,conflicting_instructions_rich_context,0.403,0.282,0.315,0.097
claude-3-5-sonnet-20241022,baseline_all_user,conflicting_instructions_rich_context_reversed,0.443,0.282,0.275,0.203
claude-3-5-sonnet-20241022,basic_separation,conflicting_instructions,0.088,0.713,0.198,0.035
claude-3-5-sonnet-20241022,basic_separation,conflicting_instructions_reversed,0.318,0.553,0.128,0.018
claude-3-5-sonnet-20241022,basic_separation,conflicting_instructions_rich_context,0.303,0.417,0.28,0.065
claude-3-5-sonnet-20241022,basic_separation,conflicting_instructions_rich_context_reversed,0.517,0.273,0.21,0.075
claude-3-5-sonnet-20241022,constraint_following_baseline,conflicting_instructions,0.868,0.042,0.09,0.002
claude-3-5-sonnet-20241022,constraint_following_baseline,conflicting_instructions_reversed,0.817,0.017,0.167,0.0
claude-3-5-sonnet-20241022,constraint_following_baseline,conflicting_instructions_rich_context,0.895,0.022,0.083,0.005
claude-3-5-sonnet-20241022,constraint_following_baseline,conflicting_instructions_rich_context_reversed,0.697,0.025,0.278,0.008
claude-3-5-sonnet-20241022,emphasized_separation,conflicting_instructions,0.137,0.66,0.203,0.14
claude-3-5-sonnet-20241022,emphasized_separation,conflicting_instructions_reversed,0.515,0.32,0.165,0.152
claude-3-5-sonnet-20241022,emphasized_separation,conflicting_instructions_rich_context,0.355,0.377,0.268,0.127
claude-3-5-sonnet-20241022,emphasized_separation,conflicting_instructions_rich_context_reversed,0.595,0.195,0.21,0.115
claude-3-5-sonnet-20241022,marked_system_basic,conflicting_instructions,0.825,0.028,0.147,0.088
claude-3-5-sonnet-20241022,marked_system_basic,conflicting_instructions_reversed,0.71,0.057,0.233,0.058
claude-3-5-sonnet-20241022,marked_system_basic,conflicting_instructions_rich_context,0.635,0.108,0.257,0.08
claude-3-5-sonnet-20241022,marked_system_basic,conflicting_instructions_rich_context_reversed,0.683,0.032,0.285,0.037
claude-3-5-sonnet-20241022,marked_system_detailed,conflicting_instructions,0.607,0.103,0.29,0.207
claude-3-5-sonnet-20241022,marked_system_detailed,conflicting_instructions_reversed,0.493,0.123,0.383,0.298
claude-3-5-sonnet-20241022,marked_system_detailed,conflicting_instructions_rich_context,0.513,0.162,0.325,0.25
claude-3-5-sonnet-20241022,marked_system_detailed,conflicting_instructions_rich_context_reversed,0.51,0.205,0.285,0.192
claude-3-5-sonnet-20241022,marked_user_basic,conflicting_instructions,0.803,0.028,0.168,0.028
claude-3-5-sonnet-20241022,marked_user_basic,conflicting_instructions_reversed,0.75,0.04,0.21,0.008
claude-3-5-sonnet-20241022,marked_user_basic,conflicting_instructions_rich_context,0.717,0.108,0.175,0.032
claude-3-5-sonnet-20241022,marked_user_basic,conflicting_instructions_rich_context_reversed,0.688,0.022,0.29,0.017
claude-3-5-sonnet-20241022,marked_user_detailed,conflicting_instructions,0.74,0.067,0.193,0.218
claude-3-5-sonnet-20241022,marked_user_detailed,conflicting_instructions_reversed,0.535,0.173,0.292,0.145
claude-3-5-sonnet-20241022,marked_user_detailed,conflicting_instructions_rich_context,0.562,0.138,0.3,0.163
claude-3-5-sonnet-20241022,marked_user_detailed,conflicting_instructions_rich_context_reversed,0.518,0.207,0.275,0.173
claude-3-5-sonnet-20241022,task_specified_separation,conflicting_instructions,0.083,0.688,0.228,0.008
claude-3-5-sonnet-20241022,task_specified_separation,conflicting_instructions_reversed,0.207,0.575,0.218,0.003
claude-3-5-sonnet-20241022,task_specified_separation,conflicting_instructions_rich_context,0.203,0.508,0.288,0.047
claude-3-5-sonnet-20241022,task_specified_separation,conflicting_instructions_rich_context_reversed,0.27,0.525,0.205,0.027
claude-3-5-sonnet-20241022,unmarked_system_basic,conflicting_instructions,0.402,0.26,0.338,0.138
claude-3-5-sonnet-20241022,unmarked_system_basic,conflicting_instructions_reversed,0.483,0.237,0.28,0.147
claude-3-5-sonnet-20241022,unmarked_system_basic,conflicting_instructions_rich_context,0.367,0.27,0.363,0.1
claude-3-5-sonnet-20241022,unmarked_system_basic,conflicting_instructions_rich_context_reversed,0.493,0.243,0.263,0.107
claude-3-5-sonnet-20241022,unmarked_system_detailed,conflicting_instructions,0.293,0.305,0.402,0.06
claude-3-5-sonnet-20241022,unmarked_system_detailed,conflicting_instructions_reversed,0.538,0.237,0.225,0.105
claude-3-5-sonnet-20241022,unmarked_system_detailed,conflicting_instructions_rich_context,0.447,0.235,0.318,0.127
claude-3-5-sonnet-20241022,unmarked_system_detailed,conflicting_instructions_rich_context_reversed,0.502,0.273,0.225,0.16
claude-3-5-sonnet-20241022,unmarked_user_basic,conflicting_instructions,0.365,0.317,0.318,0.058
claude-3-5-sonnet-20241022,unmarked_user_basic,conflicting_instructions_reversed,0.535,0.203,0.262,0.125
claude-3-5-sonnet-20241022,unmarked_user_basic,conflicting_instructions_rich_context,0.42,0.252,0.328,0.093
claude-3-5-sonnet-20241022,unmarked_user_basic,conflicting_instructions_rich_context_reversed,0.522,0.218,0.26,0.102
claude-3-5-sonnet-20241022,unmarked_user_detailed,conflicting_instructions,0.303,0.243,0.453,0.097
claude-3-5-sonnet-20241022,unmarked_user_detailed,conflicting_instructions_reversed,0.53,0.252,0.218,0.162
claude-3-5-sonnet-20241022,unmarked_user_detailed,conflicting_instructions_rich_context,0.448,0.212,0.34,0.143
claude-3-5-sonnet-20241022,unmarked_user_detailed,conflicting_instructions_rich_context_reversed,0.515,0.26,0.225,0.167
gpt-4o-2024-11-20,baseline_all_user,conflicting_instructions,0.072,0.617,0.312,0.135
gpt-4o-2024-11-20,baseline_all_user,conflicting_instructions_reversed,0.165,0.587,0.248,0.167
gpt-4o-2024-11-20,baseline_all_user,conflicting_instructions_rich_context,0.358,0.3,0.342,0.15
gpt-4o-2024-11-20,baseline_all_user,conflicting_instructions_rich_context_reversed,0.183,0.637,0.18,0.183
gpt-4o-2024-11-20,basic_separation,conflicting_instructions,0.337,0.478,0.185,0.047
gpt-4o-2024-11-20,basic_separation,conflicting_instructions_reversed,0.603,0.127,0.27,0.193
gpt-4o-2024-11-20,basic_separation,conflicting_instructions_rich_context,0.308,0.378,0.313,0.175
gpt-4o-2024-11-20,basic_separation,conflicting_instructions_rich_context_reversed,0.408,0.337,0.255,0.2
gpt-4o-2024-11-20,constraint_following_baseline,conflicting_instructions,0.968,0.0,0.032,0.002
gpt-4o-2024-11-20,constraint_following_baseline,conflicting_instructions_reversed,0.848,0.012,0.14,0.002
gpt-4o-2024-11-20,constraint_following_baseline,conflicting_instructions_rich_context,0.975,0.002,0.023,0.005
gpt-4o-2024-11-20,constraint_following_baseline,conflicting_instructions_rich_context_reversed,0.738,0.03,0.232,0.0
gpt-4o-2024-11-20,emphasized_separation,conflicting_instructions,0.563,0.195,0.242,0.208
gpt-4o-2024-11-20,emphasized_separation,conflicting_instructions_reversed,0.713,0.085,0.202,0.273
gpt-4o-2024-11-20,emphasized_separation,conflicting_instructions_rich_context,0.335,0.35,0.315,0.172
gpt-4o-2024-11-20,emphasized_separation,conflicting_instructions_rich_context_reversed,0.478,0.237,0.285,0.257
gpt-4o-2024-11-20,marked_system_basic,conflicting_instructions,0.685,0.052,0.263,0.252
gpt-4o-2024-11-20,marked_system_basic,conflicting_instructions_reversed,0.743,0.075,0.182,0.213
gpt-4o-2024-11-20,marked_system_basic,conflicting_instructions_rich_context,0.563,0.217,0.22,0.228
gpt-4o-2024-11-20,marked_system_basic,conflicting_instructions_rich_context_reversed,0.565,0.162,0.273,0.43
gpt-4o-2024-11-20,marked_system_detailed,conflicting_instructions,0.782,0.018,0.2,0.38
gpt-4o-2024-11-20,marked_system_detailed,conflicting_instructions_reversed,0.7,0.063,0.237,0.368
gpt-4o-2024-11-20,marked_system_detailed,conflicting_instructions_rich_context,0.683,0.182,0.135,0.318
gpt-4o-2024-11-20,marked_system_detailed,conflicting_instructions_rich_context_reversed,0.397,0.362,0.242,0.52
gpt-4o-2024-11-20,marked_user_basic,conflicting_instructions,0.787,0.013,0.2,0.2
gpt-4o-2024-11-20,marked_user_basic,conflicting_instructions_reversed,0.715,0.08,0.205,0.233
gpt-4o-2024-11-20,marked_user_basic,conflicting_instructions_rich_context,0.69,0.155,0.155,0.283
gpt-4o-2024-11-20,marked_user_basic,conflicting_instructions_rich_context_reversed,0.545,0.193,0.262,0.51
gpt-4o-2024-11-20,marked_user_detailed,conflicting_instructions,0.827,0.01,0.163,0.433
gpt-4o-2024-11-20,marked_user_detailed,conflicting_instructions_reversed,0.607,0.13,0.263,0.372
gpt-4o-2024-11-20,marked_user_detailed,conflicting_instructions_rich_context,0.675,0.165,0.16,0.332
gpt-4o-2024-11-20,marked_user_detailed,conflicting_instructions_rich_context_reversed,0.413,0.382,0.205,0.493
gpt-4o-2024-11-20,task_specified_separation,conflicting_instructions,0.22,0.582,0.198,0.062
gpt-4o-2024-11-20,task_specified_separation,conflicting_instructions_reversed,0.407,0.375,0.218,0.147
gpt-4o-2024-11-20,task_specified_separation,conflicting_instructions_rich_context,0.285,0.375,0.34,0.21
gpt-4o-2024-11-20,task_specified_separation,conflicting_instructions_rich_context_reversed,0.243,0.592,0.165,0.17
gpt-4o-2024-11-20,unmarked_system_basic,conflicting_instructions,0.26,0.418,0.322,0.187
gpt-4o-2024-11-20,unmarked_system_basic,conflicting_instructions_reversed,0.472,0.287,0.242,0.322
gpt-4o-2024-11-20,unmarked_system_basic,conflicting_instructions_rich_context,0.345,0.327,0.328,0.242
gpt-4o-2024-11-20,unmarked_system_basic,conflicting_instructions_rich_context_reversed,0.313,0.453,0.233,0.365
gpt-4o-2024-11-20,unmarked_system_detailed,conflicting_instructions,0.288,0.413,0.298,0.363
gpt-4o-2024-11-20,unmarked_system_detailed,conflicting_instructions_reversed,0.503,0.257,0.24,0.61
gpt-4o-2024-11-20,unmarked_system_detailed,conflicting_instructions_rich_context,0.347,0.302,0.352,0.218
gpt-4o-2024-11-20,unmarked_system_detailed,conflicting_instructions_rich_context_reversed,0.24,0.545,0.215,0.283
gpt-4o-2024-11-20,unmarked_user_basic,conflicting_instructions,0.397,0.328,0.275,0.237
gpt-4o-2024-11-20,unmarked_user_basic,conflicting_instructions_reversed,0.542,0.232,0.227,0.417
gpt-4o-2024-11-20,unmarked_user_basic,conflicting_instructions_rich_context,0.39,0.298,0.312,0.223
gpt-4o-2024-11-20,unmarked_user_basic,conflicting_instructions_rich_context_reversed,0.338,0.505,0.157,0.34
gpt-4o-2024-11-20,unmarked_user_detailed,conflicting_instructions,0.273,0.443,0.283,0.382
gpt-4o-2024-11-20,unmarked_user_detailed,conflicting_instructions_reversed,0.372,0.353,0.275,0.607
gpt-4o-2024-11-20,unmarked_user_detailed,conflicting_instructions_rich_context,0.347,0.313,0.34,0.215
gpt-4o-2024-11-20,unmarked_user_detailed,conflicting_instructions_rich_context_reversed,0.197,0.615,0.188,0.272
gpt-4o-mini-2024-07-18,baseline_all_user,conflicting_instructions,0.285,0.313,0.402,0.003
gpt-4o-mini-2024-07-18,baseline_all_user,conflicting_instructions_reversed,0.513,0.298,0.188,0.01
gpt-4o-mini-2024-07-18,baseline_all_user,conflicting_instructions_rich_context,0.522,0.182,0.297,0.017
gpt-4o-mini-2024-07-18,baseline_all_user,conflicting_instructions_rich_context_reversed,0.538,0.273,0.188,0.008
gpt-4o-mini-2024-07-18,basic_separation,conflicting_instructions,0.235,0.517,0.248,0.01
gpt-4o-mini-2024-07-18,basic_separation,conflicting_instructions_reversed,0.618,0.235,0.147,0.033
gpt-4o-mini-2024-07-18,basic_separation,conflicting_instructions_rich_context,0.295,0.417,0.288,0.045
gpt-4o-mini-2024-07-18,basic_separation,conflicting_instructions_rich_context_reversed,0.54,0.258,0.202,0.04
gpt-4o-mini-2024-07-18,constraint_following_baseline,conflicting_instructions,0.9,0.003,0.097,0.0
gpt-4o-mini-2024-07-18,constraint_following_baseline,conflicting_instructions_reversed,0.808,0.008,0.183,0.0
gpt-4o-mini-2024-07-18,constraint_following_baseline,conflicting_instructions_rich_context,0.937,0.002,0.062,0.003
gpt-4o-mini-2024-07-18,constraint_following_baseline,conflicting_instructions_rich_context_reversed,0.765,0.017,0.218,0.0
gpt-4o-mini-2024-07-18,emphasized_separation,conflicting_instructions,0.342,0.388,0.27,0.01
gpt-4o-mini-2024-07-18,emphasized_separation,conflicting_instructions_reversed,0.647,0.162,0.192,0.032
gpt-4o-mini-2024-07-18,emphasized_separation,conflicting_instructions_rich_context,0.333,0.343,0.323,0.083
gpt-4o-mini-2024-07-18,emphasized_separation,conflicting_instructions_rich_context_reversed,0.538,0.198,0.263,0.095
gpt-4o-mini-2024-07-18,marked_system_basic,conflicting_instructions,0.685,0.115,0.2,0.002
gpt-4o-mini-2024-07-18,marked_system_basic,conflicting_instructions_reversed,0.725,0.052,0.223,0.0
gpt-4o-mini-2024-07-18,marked_system_basic,conflicting_instructions_rich_context,0.652,0.115,0.233,0.003
gpt-4o-mini-2024-07-18,marked_system_basic,conflicting_instructions_rich_context_reversed,0.727,0.062,0.212,0.002
gpt-4o-mini-2024-07-18,marked_system_detailed,conflicting_instructions,0.655,0.128,0.217,0.07
gpt-4o-mini-2024-07-18,marked_system_detailed,conflicting_instructions_reversed,0.652,0.113,0.235,0.103
gpt-4o-mini-2024-07-18,marked_system_detailed,conflicting_instructions_rich_context,0.498,0.182,0.32,0.087
gpt-4o-mini-2024-07-18,marked_system_detailed,conflicting_instructions_rich_context_reversed,0.557,0.217,0.227,0.065
gpt-4o-mini-2024-07-18,marked_user_basic,conflicting_instructions,0.83,0.032,0.138,0.007
gpt-4o-mini-2024-07-18,marked_user_basic,conflicting_instructions_reversed,0.783,0.033,0.183,0.007
gpt-4o-mini-2024-07-18,marked_user_basic,conflicting_instructions_rich_context,0.723,0.083,0.193,0.005
gpt-4o-mini-2024-07-18,marked_user_basic,conflicting_instructions_rich_context_reversed,0.722,0.055,0.223,0.002
gpt-4o-mini-2024-07-18,marked_user_detailed,conflicting_instructions,0.69,0.107,0.203,0.16
gpt-4o-mini-2024-07-18,marked_user_detailed,conflicting_instructions_reversed,0.462,0.343,0.195,0.185
gpt-4o-mini-2024-07-18,marked_user_detailed,conflicting_instructions_rich_context,0.537,0.173,0.29,0.113
gpt-4o-mini-2024-07-18,marked_user_detailed,conflicting_instructions_rich_context_reversed,0.522,0.277,0.202,0.077
gpt-4o-mini-2024-07-18,task_specified_separation,conflicting_instructions,0.422,0.243,0.335,0.005
gpt-4o-mini-2024-07-18,task_specified_separation,conflicting_instructions_reversed,0.663,0.215,0.122,0.0
gpt-4o-mini-2024-07-18,task_specified_separation,conflicting_instructions_rich_context,0.333,0.373,0.293,0.048
gpt-4o-mini-2024-07-18,task_specified_separation,conflicting_instructions_rich_context_reversed,0.527,0.302,0.172,0.023
gpt-4o-mini-2024-07-18,unmarked_system_basic,conflicting_instructions,0.293,0.295,0.412,0.012
gpt-4o-mini-2024-07-18,unmarked_system_basic,conflicting_instructions_reversed,0.55,0.27,0.18,0.035
gpt-4o-mini-2024-07-18,unmarked_system_basic,conflicting_instructions_rich_context,0.483,0.198,0.318,0.023
gpt-4o-mini-2024-07-18,unmarked_system_basic,conflicting_instructions_rich_context_reversed,0.558,0.248,0.193,0.017
gpt-4o-mini-2024-07-18,unmarked_system_detailed,conflicting_instructions,0.305,0.263,0.432,0.005
gpt-4o-mini-2024-07-18,unmarked_system_detailed,conflicting_instructions_reversed,0.545,0.272,0.183,0.062
gpt-4o-mini-2024-07-18,unmarked_system_detailed,conflicting_instructions_rich_context,0.48,0.193,0.327,0.035
gpt-4o-mini-2024-07-18,unmarked_system_detailed,conflicting_instructions_rich_context_reversed,0.563,0.252,0.185,0.015
gpt-4o-mini-2024-07-18,unmarked_user_basic,conflicting_instructions,0.298,0.278,0.423,0.023
gpt-4o-mini-2024-07-18,unmarked_user_basic,conflicting_instructions_reversed,0.507,0.313,0.18,0.047
gpt-4o-mini-2024-07-18,unmarked_user_basic,conflicting_instructions_rich_context,0.477,0.203,0.32,0.038
gpt-4o-mini-2024-07-18,unmarked_user_basic,conflicting_instructions_rich_context_reversed,0.577,0.255,0.168,0.012
gpt-4o-mini-2024-07-18,unmarked_user_detailed,conflicting_instructions,0.257,0.268,0.475,0.117
gpt-4o-mini-2024-07-18,unmarked_user_detailed,conflicting_instructions_reversed,0.502,0.335,0.163,0.158
gpt-4o-mini-2024-07-18,unmarked_user_detailed,conflicting_instructions_rich_context,0.475,0.202,0.323,0.048
gpt-4o-mini-2024-07-18,unmarked_user_detailed,conflicting_instructions_rich_context_reversed,0.543,0.285,0.172,0.045
qwen2.5-7b-instruct,baseline_all_user,conflicting_instructions,0.11,0.622,0.268,0.0
qwen2.5-7b-instruct,baseline_all_user,conflicting_instructions_reversed,0.22,0.305,0.475,0.137
qwen2.5-7b-instruct,baseline_all_user,conflicting_instructions_rich_context,0.345,0.298,0.357,0.027
qwen2.5-7b-instruct,baseline_all_user,conflicting_instructions_rich_context_reversed,0.222,0.39,0.388,0.017
qwen2.5-7b-instruct,basic_separation,conflicting_instructions,0.025,0.82,0.155,0.002
qwen2.5-7b-instruct,basic_separation,conflicting_instructions_reversed,0.177,0.397,0.427,0.0
qwen2.5-7b-instruct,basic_separation,conflicting_instructions_rich_context,0.093,0.608,0.298,0.002
qwen2.5-7b-instruct,basic_separation,conflicting_instructions_rich_context_reversed,0.085,0.59,0.325,0.007
qwen2.5-7b-instruct,constraint_following_baseline,conflicting_instructions,0.902,0.002,0.097,0.0
qwen2.5-7b-instruct,constraint_following_baseline,conflicting_instructions_reversed,0.827,0.003,0.17,0.002
qwen2.5-7b-instruct,constraint_following_baseline,conflicting_instructions_rich_context,0.905,0.003,0.092,0.0
qwen2.5-7b-instruct,constraint_following_baseline,conflicting_instructions_rich_context_reversed,0.745,0.02,0.235,0.003
qwen2.5-7b-instruct,emphasized_separation,conflicting_instructions,0.03,0.795,0.175,0.0
qwen2.5-7b-instruct,emphasized_separation,conflicting_instructions_reversed,0.205,0.418,0.377,0.012
qwen2.5-7b-instruct,emphasized_separation,conflicting_instructions_rich_context,0.112,0.603,0.285,0.007
qwen2.5-7b-instruct,emphasized_separation,conflicting_instructions_rich_context_reversed,0.062,0.603,0.335,0.008
qwen2.5-7b-instruct,marked_system_basic,conflicting_instructions,0.323,0.323,0.353,0.152
qwen2.5-7b-instruct,marked_system_basic,conflicting_instructions_reversed,0.45,0.147,0.403,0.25
qwen2.5-7b-instruct,marked_system_basic,conflicting_instructions_rich_context,0.507,0.218,0.275,0.012
qwen2.5-7b-instruct,marked_system_basic,conflicting_instructions_rich_context_reversed,0.297,0.348,0.355,0.035
qwen2.5-7b-instruct,marked_system_detailed,conflicting_instructions,0.272,0.332,0.397,0.138
qwen2.5-7b-instruct,marked_system_detailed,conflicting_instructions_reversed,0.158,0.267,0.575,0.245
qwen2.5-7b-instruct,marked_system_detailed,conflicting_instructions_rich_context,0.637,0.227,0.137,0.05
qwen2.5-7b-instruct,marked_system_detailed,conflicting_instructions_rich_context_reversed,0.18,0.562,0.258,0.097
qwen2.5-7b-instruct,marked_user_basic,conflicting_instructions,0.495,0.147,0.358,0.363
qwen2.5-7b-instruct,marked_user_basic,conflicting_instructions_reversed,0.578,0.132,0.29,0.327
qwen2.5-7b-instruct,marked_user_basic,conflicting_instructions_rich_context,0.515,0.198,0.287,0.075
qwen2.5-7b-instruct,marked_user_basic,conflicting_instructions_rich_context_reversed,0.302,0.338,0.36,0.11
qwen2.5-7b-instruct,marked_user_detailed,conflicting_instructions,0.468,0.137,0.395,0.328
qwen2.5-7b-instruct,marked_user_detailed,conflicting_instructions_reversed,0.205,0.282,0.513,0.303
qwen2.5-7b-instruct,marked_user_detailed,conflicting_instructions_rich_context,0.613,0.2,0.187,0.183
qwen2.5-7b-instruct,marked_user_detailed,conflicting_instructions_rich_context_reversed,0.172,0.56,0.268,0.173
qwen2.5-7b-instruct,task_specified_separation,conflicting_instructions,0.038,0.78,0.182,0.002
qwen2.5-7b-instruct,task_specified_separation,conflicting_instructions_reversed,0.143,0.413,0.443,0.008
qwen2.5-7b-instruct,task_specified_separation,conflicting_instructions_rich_context,0.12,0.643,0.237,0.013
qwen2.5-7b-instruct,task_specified_separation,conflicting_instructions_rich_context_reversed,0.057,0.685,0.258,0.002
qwen2.5-7b-instruct,unmarked_system_basic,conflicting_instructions,0.127,0.593,0.28,0.007
qwen2.5-7b-instruct,unmarked_system_basic,conflicting_instructions_reversed,0.212,0.263,0.525,0.168
qwen2.5-7b-instruct,unmarked_system_basic,conflicting_instructions_rich_context,0.348,0.337,0.315,0.022
qwen2.5-7b-instruct,unmarked_system_basic,conflicting_instructions_rich_context_reversed,0.197,0.382,0.422,0.018
qwen2.5-7b-instruct,unmarked_system_detailed,conflicting_instructions,0.145,0.618,0.237,0.045
qwen2.5-7b-instruct,unmarked_system_detailed,conflicting_instructions_reversed,0.163,0.285,0.552,0.193
qwen2.5-7b-instruct,unmarked_system_detailed,conflicting_instructions_rich_context,0.337,0.323,0.34,0.01
qwen2.5-7b-instruct,unmarked_system_detailed,conflicting_instructions_rich_context_reversed,0.208,0.405,0.387,0.015
qwen2.5-7b-instruct,unmarked_user_basic,conflicting_instructions,0.128,0.635,0.237,0.082
qwen2.5-7b-instruct,unmarked_user_basic,conflicting_instructions_reversed,0.253,0.278,0.468,0.27
qwen2.5-7b-instruct,unmarked_user_basic,conflicting_instructions_rich_context,0.36,0.31,0.33,0.07
qwen2.5-7b-instruct,unmarked_user_basic,conflicting_instructions_rich_context_reversed,0.203,0.407,0.39,0.047
qwen2.5-7b-instruct,unmarked_user_detailed,conflicting_instructions,0.137,0.627,0.237,0.348
qwen2.5-7b-instruct,unmarked_user_detailed,conflicting_instructions_reversed,0.223,0.222,0.555,0.57
qwen2.5-7b-instruct,unmarked_user_detailed,conflicting_instructions_rich_context,0.358,0.298,0.343,0.175
qwen2.5-7b-instruct,unmarked_user_detailed,conflicting_instructions_rich_context_reversed,0.19,0.408,0.402,0.178
